planning_id,task_id
44808,24734
44809,24731
44810,24322
44811,22794
44812,24128
44813,23899
44814,23527
44815,24366
44816,23919
44817,24132
44818,24496
44819,24502
44820,21572
44821,24495
44822,23961
44823,24494
44824,24564
44825,24562
44826,24727
44829,24147
44830,24189
44832,24147
44833,24206
44834,24189
44835,24451
44836,23960
44838,24189
44839,24206
44840,23961
44842,24742
44843,24451
44844,24392
44845,24415
44846,23409
44847,24649
44849,24507
44850,24698
44851,24500
44852,24128
44853,24666
44854,24748
44856,24749
44857,24546
44858,24342
44859,24750
44860,24754
44861,22803
44862,24650
44863,24739
44864,23756
44868,24740
44869,24755
44870,24563
44871,24006
44872,24756
44873,24745
44874,24746
44875,24743
44876,24744
44877,24667
44878,24756
44879,24699
44880,24701
44881,24722
44882,24722
44883,24741
44884,24268
44885,23530
44886,24571
44887,24759
44888,21497
44889,21497
44890,12955
44891,24659
44892,24758
44893,24189
44894,23961
44895,24519
44896,24580
44897,24588
44898,24652
44899,24652
44900,
44901,
44902,
44903,23834
44904,24415
44905,24731
44906,23820
44907,23820
44909,24509
44910,24509
44911,24650
44912,24705
44913,24761
44914,24241
44915,22788
44917,24025
44918,21561
44919,24734
44920,24612
44922,24736
44923,24759
44924,24735
44925,24763
44926,24586
44927,24760
44928,24592
44929,23001
44930,24315
44931,23527
44932,24767
44933,23375
44934,24132
44935,24461
44936,24651
44937,22207
44938,24654
44939,24718
44940,24765
44941,24407
44942,24723
44943,24717
44944,19165
44945,24772
44946,24006
44947,24002
44948,24004
44949,24773
44950,24762
44951,24702
44952,23960
44953,24564
44954,24562
44955,24451
44956,24451
44957,23960
44958,24451
44959,24451
44960,23960
44961,24189
44962,24451
44963,24206
44964,23960
44965,24451
44966,24386
44967,24451
44968,23961
44969,24386
44970,24651
44971,24268
44972,23083
44973,23083
44974,24766
44975,24451
44976,24776
44977,24778
44978,24781
44979,24779
44980,24777
44981,24774
44982,24775
44983,24780
44984,24785
44985,24718
44986,23729
44987,23728
44988,24770
44989,24793
44990,24771
44991,24769
44992,24757
44993,24792
44994,24796
44995,24534
44996,24788
44997,24701
44998,24659
44999,24599
45000,24656
45001,24790
45002,24703
45003,24699
45004,24766
45005,24756
45006,24651
45008,24392
45009,24500
45010,24128
45011,24799
45012,24786
45013,24784
45014,24783
45015,22939
45016,24661
45017,22788
45018,23375
45019,24378
45020,24811
45022,24366
45023,24241
45024,24800
45025,24806
45026,378
45027,24803
45028,24350
45029,24369
45030,24564
45031,24775
45032,24567
45033,24804
45034,24451
45036,24451
45037,24206
45038,24451
45039,24451
45040,24451
45041,24810
45042,23663
45043,24731
45044,22490
45045,23961
45046,24755
45047,23820
45048,23820
45049,24798
45050,24702
45051,24814
45052,24500
45053,24802
45054,24801
45055,24801
45056,24813
45057,24006
45058,24004
45059,24002
45060,4327
45061,4327
45062,24817
45063,24803
45064,24818
45065,24702
45066,24666
45067,24776
45068,24778
45069,24795
45070,24129
45071,23961
45072,24791
45073,24789
45074,24766
45075,24766
45076,24724
45077,24758
45078,24581
45079,24808
45080,24726
45081,24227
45082,24794
45083,24561
45084,24805
45085,24815
45086,23143
45087,24200
45088,24719
45089,24468
45090,23158
45091,23729
45092,24534
45094,23375
45097,24401
45098,24822
45099,24769
45100,24824
45101,24823
45102,24466
45103,24731
45104,24415
45105,23496
45106,23527
45107,22793
45108,22939
45109,24072
45110,24322
45111,21561
45112,24809
45113,24826
45114,24140
45115,
45116,24461
45117,24827
45118,24828
45119,24494
45120,24366
45121,23936
45122,24756
45123,24780
45124,24567
45125,24778
45126,23375
45127,21963
45128,19165
45129,24650
45130,24564
45131,24518
45132,24652
45133,24833
45134,24832
45135,24831
45136,24714
45137,24820
45138,24451
45139,24451
45140,24507
45141,24580
45142,21961
45143,24750
45144,24342
45145,24386
45146,24830
45147,24825
45148,24804
45149,24821
45150,24810
45151,22490
45152,22490
45153,23663
45154,24129
45156,24392
45157,24783
45158,23527
45159,24401
45160,24206
45161,24451
45162,24839
45163,24771
45164,24268
45165,24838
45166,24605
45167,24605
45168,24605
45169,24605
45170,24468
45171,24650
45172,24468
45173,24722
45174,24689
45175,24842
45176,24844
45177,24841
45178,24500
45179,24843
45180,24767
45181,24128
45182,24847
45185,24829
45186,24848
45187,24849
45188,24834
45189,24666
45190,24850
45191,24836
45192,24837
45193,24451
45194,24386
45195,24451
45196,23644
45197,24852
45198,24799
45199,24853
45200,23820
45201,24731
45202,21561
45203,24690
45204,24820
45205,24810
45206,24855
45207,24854
45208,24796
45209,24702
45210,24617
45211,23527
45212,24856
45213,24858
45214,24863
45215,24860
45216,24861
45217,24850
45218,24386
45219,24471
45220,24851
45221,22269
45222,24004
45223,22788
45224,22787
45225,24727
45226,24703
45227,19905
45228,24206
45229,24451
45230,24451
45231,23663
45232,24869
45233,24758
45234,24857
45236,24757
45237,24451
45238,24770
45239,24132
45241,23597
45244,23597
45246,23597
45247,23597
45248,23597
45249,24871
45250,19905
45252,24864
45253,24866
45254,24865
45255,24814
45256,12955
45257,24868
45258,24708
45259,24206
45260,24451
45261,23923
45262,24225
45263,24225
45264,24386
45265,24451
45266,24451
45267,24206
45268,24725
45269,24468
45270,24689
45271,24689
45272,24813
45273,23083
45274,24824
45275,24276
45276,21963
45277,22788
45278,24586
45279,24425
45280,24526
45281,24809
45282,24140
45283,24828
45284,24827
45285,24366
45286,24736
45287,24840
45288,24783
45289,24875
45290,24816
45291,24862
45292,24798
45293,24466
45294,24816
45295,24767
45296,24879
45297,24879
45298,24879
45299,23820
45300,24880
45302,9277
45303,24852
45304,24661
45305,24081
45306,24175
45307,24661
45308,24415
45309,24892
45310,23597
45311,24132
45312,24770
45313,24770
45314,24770
45315,24770
45317,24896
45318,24893
45319,24894
45321,24128
45323,24889
45324,24859
45325,24897
45326,24002
45328,24904
45330,24903
45331,24494
45333,24842
45334,24465
45335,24465
45336,24465
45337,24465
45338,24465
45339,22803
45340,24910
45341,24819
45342,24703
45343,24711
45344,24710
45345,24709
45346,24878
45347,24749
45349,24451
45350,24206
45351,24451
45352,24451
45353,24206
45354,24386
45355,24911
45356,24810
45357,24206
45358,24874
45359,24816
45360,24900
45361,24129
45362,24877
45363,24898
45364,24567
45365,24564
45366,24912
45367,24496
45368,24852
45369,23961
45370,23961
45372,24562
45373,24802
45374,24801
45375,24004
45376,24746
45377,24743
45378,24494
45379,24745
45380,24744
45381,24763
45382,24241
45383,24408
45384,24867
45385,24758
45386,24915
45387,24386
45388,24560
45389,24206
45390,24386
45391,24533
45392,24548
45393,24569
45394,22490
45395,22490
45396,21497
45397,24917
45398,24916
45399,24916
45400,24913
45401,24767
45402,23961
45403,24451
45404,24147
45405,24883
45406,24883
45407,24883
45408,24884
45409,24884
45410,24884
45411,24917
45412,24907
45413,24832
45414,24836
45415,24831
45416,24833
45417,24837
45418,24858
45419,24874
45420,23387
45421,23387
45422,24468
45423,20255
45424,24840
45425,24890
45426,24842
45427,24622
45428,24875
45429,24827
45430,24928
45431,24828
45432,24927
45433,24891
45434,23441
45435,23176
45436,24224
45437,23865
45438,23969
45439,24705
45440,24510
45441,24930
45442,24128
45443,24915
45444,24451
45445,24002
45446,24206
45447,24934
45448,24918
45449,24937
45450,24886
45451,24841
45452,24580
45453,24901
45454,24206
45455,24451
45456,23923
45457,24386
45458,21633
45460,24904
45461,24905
45462,24906
45463,24386
45464,24386
45465,24929
45466,24386
45467,24386
45468,24334
45469,23834
45470,24526
45471,24336
45472,24129
45473,23663
45474,24889
45475,24415
45476,24940
45477,23803
45478,23803
45479,23961
45480,24128
45481,23961
45482,24268
45483,24925
45484,24769
45485,24451
45486,24451
45487,24789
45488,24378
45489,24927
45490,24942
45491,24942
45492,24943
45493,24823
45494,24900
45495,24929
45496,23961
45497,24386
45498,24885
45499,24716
45501,24147
45502,24872
45503,24431
45504,22984
45505,24744
45506,24745
45507,24911
45508,
45509,
45510,
45511,24891
45512,24927
45513,24771
45514,24415
45515,23083
45516,24758
45517,24605
45518,24468
45519,24650
45520,23387
45522,12965
45523,12965
45534,24958
45535,24867
45536,24392
45537,24816
45538,24963
45539,24798
45540,24862
45541,24622
45542,24622
45543,24954
45544,23734
45545,24941
45546,21801
45547,24567
45548,24955
45549,22788
45550,24957
45551,23961
45552,24961
45553,24964
45554,24966
45555,24939
45556,24959
45557,24953
45558,23961
45559,24451
45560,22490
45561,24451
45562,24386
45563,23961
45564,24451
45565,23961
45566,23961
45567,21889
45568,23961
45569,24451
45570,24336
45571,24923
45573,24887
45575,24225
45576,24225
45578,24969
45579,24881
45580,24969
45581,24654
45585,12965
45586,12965
45589,12965
45590,12965
45591,12965
45592,24927
45593,24970
45594,24903
45595,24900
45596,24392
45597,24954
45598,24971
45599,21561
45600,24147
45601,24924
45602,4327
45603,24833
45604,24956
45605,24654
45606,24973
45607,24887
45608,23961
45609,24974
45610,24873
45611,24873
45612,24975
45613,24945
45614,24976
45615,24126
45616,24081
45617,24588
45618,19905
45619,24650
45620,24980
45621,24981
45622,24983
45623,25011
45624,24933
45625,24889
45626,24844
45627,24986
45628,24987
45629,24973
45630,24942
45631,24140
45632,24425
45633,24322
45634,21561
45635,24586
45636,24967
45637,24979
45638,24978
45639,24977
45640,24763
45641,21963
45642,21963
45643,24927
45644,24900
45645,24969
45646,24958
45647,24999
45648,24985
45649,25012
45650,24336
45651,24336
45652,23961
45653,24622
45654,23820
45655,23820
45656,24982
45657,24652
45658,24951
45659,24883
45660,24988
45661,19471
45662,24905
45663,24902
45664,24901
45665,24947
45666,24580
45667,24652
45668,23961
45669,24652
45670,24652
45671,24984
45672,23387
45673,24415
45674,24963
45675,25015
45676,4327
45677,25017
45678,24946
45679,24567
45680,24564
45681,25014
45682,25020
45683,22490
45684,25000
45685,24968
45686,24762
45687,24443
45689,24129
45690,24129
45691,24959
45693,24507
45694,25013
45695,24726
45696,24938
45697,23803
45698,24789
45699,22265
45701,24885
45702,24652
45704,24669
45708,24670
45709,24670
45710,24671
45711,24671
45712,24671
45717,24672
45719,24673
45722,24675
45726,25022
45727,24983
45728,22788
45729,25021
45730,25028
45731,24969
45732,25036
45733,25052
45734,24771
45735,24969
45736,25003
45737,23002
45738,24942
45739,25057
45740,24968
45741,23961
45742,25060
45743,378
45744,24953
45745,23339
45746,24580
45747,25061
45748,25061
45749,25011
45750,24989
45751,25032
45752,25012
45753,23820
45754,24268
45755,24769
45756,25055
45757,25002
45758,25066
45759,25066
45760,24654
45761,25065
45762,24902
45763,25030
45764,25030
45765,24901
45766,25029
45767,25033
45768,25035
45769,25057
45770,25024
45771,22264
45772,24386
45773,24465
45774,24652
45775,24716
45777,24465
45778,24654
45779,24386
45780,24932
45781,24936
45782,23961
45783,24334
45784,23961
45785,24336
45786,24652
45787,24465
45788,24334
45789,24336
45790,23961
45791,24336
45793,24886
45794,24465
45795,23961
45796,23961
45797,24336
45798,24334
45799,24465
45800,23961
45801,
45802,
45803,
45804,
45805,24769
45806,24268
45807,24970
45808,24622
45809,25052
45810,25036
45811,24415
45812,25031
45813,25091
45814,25028
45815,24081
45816,24425
45817,20255
45818,23734
45819,24315
45821,25062
45822,24392
45823,24942
45824,
45825,25063
45826,25063
45827,24979
45828,25094
45829,25012
45830,24981
45831,25084
45832,378
45833,25098
45834,24605
45835,24983
45836,24126
45837,25091
45838,25102
45839,25015
45840,25104
45841,25103
45842,24919
45843,24921
45844,24920
45845,25106
45846,25096
45847,25082
45848,24654
45849,25074
45850,25075
45851,23083
45852,25076
45853,25077
45854,23961
45855,25109
45856,25100
45857,25011
45858,25011
45860,25083
45861,25083
45862,24652
45863,19905
45864,24652
45865,24336
45866,22702
45867,24654
45868,24336
45869,24334
45870,24336
45871,23961
45872,24938
45873,25055
45874,23961
45875,23961
45876,23961
45877,24652
45878,24989
45879,25092
45880,25093
45881,24465
45882,24465
45883,25030
45884,24147
45885,23961
45886,25097
45887,21497
45888,12955
45889,25038
45890,24968
45891,24959
45892,24959
45893,25105
45894,21510
45895,25121
45896,24670
45897,24671
45898,25122
45899,24663
45900,24662
45901,25123
45902,24770
45903,23387
45904,25097
45905,25057
45906,21963
45907,25124
45908,25125
45909,25102
45910,25126
45911,24580
45912,23803
45913,23961
45914,24336
45915,24652
45916,6397
45917,21633
45918,23961
45919,24116
45920,24588
45921,24983
45922,25061
45923,25034
45924,21437
45925,24392
45927,22788
45928,25063
45929,25064
45931,25064
45932,21561
45933,25138
45934,25137
45936,25128
45937,24586
45938,24969
45939,25086
45940,25088
45941,25087
45942,25081
45943,25003
45944,25085
45945,25142
45947,25145
45948,24986
45949,25151
45950,25143
45951,25154
45952,25060
45953,378
45954,25149
45955,24884
45956,24564
45957,24564
45958,24567
45959,24567
45961,24562
45962,24533
45963,24533
45964,24560
45965,24560
45966,24569
45967,24569
45968,24548
45969,24548
45970,24580
45972,24902
45973,24833
45974,25029
45975,23961
45976,23961
45979,24652
45980,23961
45981,23961
45982,24147
45983,24465
45984,24465
45985,24652
45986,24336
45987,24334
45988,25153
45989,25107
45990,24881
45991,25152
45992,25156
45993,25141
45994,25146
45995,25144
45996,25092
45997,25093
45998,25125
45999,24654
46000,25021
46001,25165
46002,25164
46003,22721
46004,22603
46005,25163
46006,25030
46007,25166
46008,21437
46009,25168
46010,25170
46011,25170
46012,25171
46014,25172
46015,25160
46016,25173
46018,24954
46019,25167
46020,25131
46021,24988
46022,21889
46023,25149
46024,19471
46025,24336
46027,24443
46028,24887
46029,25162
46031,25158
46032,25132
46033,25134
46034,25174
46035,25133
46036,25135
46037,25136
46038,25140
46039,23803
46040,25099
46041,25176
46042,22788
46043,24401
46044,25123
46045,25122
46046,24081
46047,25180
46049,24465
46050,24126
46051,24126
46052,25175
46053,22490
46054,24336
46056,24560
46057,24548
46058,24580
46059,25182
46060,25012
46061,23961
46062,23961
46063,23961
46064,24147
46065,24336
46066,24465
46067,24465
46068,24652
46069,25181
46070,25179
46071,25141
46072,25093
46073,25030
46074,25184
46075,19471
46076,24942
46077,25185
46078,25185
46079,25185
46080,25186
46081,23961
46082,25187
46083,25188
46084,25145
46085,25190
46086,22768
46087,25189
46088,24562
46089,25061
46090,24681
46091,24744
46092,24746
46093,25083
46094,21561
46095,25186
46096,25061
46097,25195
46098,25194
46099,25169
46100,378
46101,22788
46102,25101
46103,23355
46104,25063
46105,25191
46107,25031
46108,24392
46109,21561
46110,25091
46111,24849
46112,24848
46113,24847
46114,25060
46115,25197
46116,25202
46117,25203
46118,25099
46119,25208
46120,24129
46121,25210
46122,25212
46123,25213
46124,25192
46125,25201
46126,25193
46127,25196
46128,25198
46129,24569
46130,24562
46131,25214
46132,25100
46134,25160
46135,25158
46136,22490
46137,25211
46138,24465
46139,24147
46140,24334
46141,24336
46142,25185
46143,25190
46144,25199
46145,25200
46146,22768
46148,25206
46149,4327
46150,25011
46151,23961
46152,23961
46153,12965
46154,23961
46155,24378
46156,23729
46157,23961
46158,25217
46159,24770
46160,22490
46161,25073
46162,25107
46163,25219
46164,24129
46165,25217
46168,24964
46169,25224
46170,25216
46171,25225
46172,25226
46173,25218
46174,25220
46175,25221
46176,25222
46177,24887
46178,24887
46179,25107
46180,24968
46181,25185
46182,25205
46183,23729
46184,23644
46185,22788
46186,25061
46187,25215
46188,378
46189,21561
46190,378
46191,25229
46192,24769
46193,24659
46194,25076
46196,25230
46197,24268
46198,25169
46199,24930
46200,25069
46201,25071
46204,23834
46206,25177
46207,22702
46208,24942
46209,25249
46210,25249
46211,25167
46212,25167
46213,25167
46214,25167
46215,24569
46216,24567
46217,25247
46218,25231
46219,25231
46220,23299
46221,24129
46222,24887
46223,22490
46224,25228
46225,25237
46226,24378
46227,25245
46228,25248
46229,25248
46230,25248
46232,24465
46233,24336
46234,24334
46235,25185
46236,25185
46237,25185
46238,25216
46239,24873
46240,24873
46241,25224
46242,21497
46243,25250
46244,25225
46245,25226
46246,14718
46247,24887
46248,14712
46249,25185
46250,25224
46251,12955
46252,24745
46253,25238
46254,25251
46255,25251
46256,25251
46257,25252
46258,25253
46259,25242
46260,25061
46262,25217
46263,24081
46264,23662
46265,25254
46266,25105
46267,25261
46268,24126
46269,25063
46270,22207
46272,25191
46273,24942
46274,21437
46275,23729
46276,25264
46277,25187
46278,25184
46279,25184
46280,25214
46281,24936
46282,25083
46283,25145
46284,24771
46286,25185
46287,25107
46288,24334
46289,23597
46290,23597
46291,23597
46292,23597
46293,23820
46294,25260
46295,25260
46296,25260
46297,25147
46298,24465
46299,25167
46300,25185
46301,24334
46302,14709
46303,14710
46304,14705
46305,17319
46306,17116
46308,16282
46309,14708
46310,16285
46311,14720
46312,24886
46313,25271
46314,24942
46315,25185
46316,25269
46317,25185
46318,25263
46319,25011
46320,25268
46321,10944
46322,10944
46323,10944
46324,10944
46325,10944
46326,10944
46327,25267
46328,25274
46329,25276
46330,25277
46331,24268
46332,25246
46334,24711
46335,24671
46336,24711
46337,25280
46338,25273
46339,25027
46340,25185
46341,25185
46342,25185
46343,24930
46344,25185
46345,25185
46346,25185
46347,25185
46348,24848
46349,24849
46350,23339
46351,19905
46352,25225
46353,23803
46354,24873
46355,25107
46358,23159
46359,23159
46360,23159
46361,23159
46362,23159
46363,24334
46364,24336
46365,25167
46366,25167
46367,25185
46368,23136
46369,25184
46370,25184
46371,24710
46372,25281
46373,25222
46374,25221
46375,25287
46376,24072
46377,378
46378,25255
46380,25283
46381,25292
46382,25293
46383,25145
46384,25294
46385,25267
46386,25185
46387,25247
46389,25263
46390,25290
46391,25291
46392,25074
46393,21437
46394,25260
46395,25260
46396,25296
46397,24567
46398,24580
46399,25224
46400,25166
46401,25270
46402,25192
46403,14683
46404,14710
46405,25225
46406,16279
46407,12965
46408,14694
46410,25260
46411,25263
46412,25261
46413,25301
46414,25301
46417,25303
46418,25303
46419,25161
46420,378
46422,25191
46423,25080
46425,22702
46426,25244
46431,22173
46434,25220
46435,25305
46436,25305
46437,25307
46438,25295
46439,24588
46440,16285
46441,14683
46442,25226
46443,25250
46444,25304
46445,25224
46446,25309
46447,25310
46448,25216
46449,25185
46450,24948
46451,14721
46452,17171
46453,14684
46454,24126
46455,14713
46456,16332
46457,17164
46458,25246
46459,24392
46460,25254
46461,25313
46462,25312
46463,25298
46464,25217
46465,25330
46466,25212
46467,25193
46468,25172
46469,25100
46470,25302
46471,25333
46472,23644
46473,25334
46474,378
46475,25184
46476,25335
46477,25335
46479,16285
46480,25185
46481,25167
46482,25167
46483,25331
46484,25330
46486,25353
46488,24873
46489,25205
46490,25274
46491,25320
46492,25320
46493,25145
46494,25320
46495,25320
46496,25320
46497,25320
46500,25320
46501,22207
46502,24979
46503,25354
46504,25300
46505,25321
46506,24903
46507,25090
46508,24702
46509,12965
46510,25214
46511,14710
46512,25306
46513,25286
46514,25285
46515,25284
46516,25284
46517,25284
46518,4327
46519,4327
46520,25185
46521,25320
46522,25107
46523,14717
46524,14722
46525,14693
46526,14707
46527,25205
46528,25185
46529,25167
46530,25269
46531,24334
46532,25167
46533,25167
46534,25185
46536,25263
46537,24884
46538,25290
46539,25220
46540,25318
46541,16203
46542,25184
46543,25355
46545,22702
46546,25073
46547,25218
46548,25211
46549,25366
46550,25359
46551,25167
46552,25185
46553,25185
46554,25365
46555,16285
46556,25361
46557,25360
46558,14684
46559,25295
46560,25250
46561,25188
46562,25362
46563,25370
46564,24580
46565,25367
46566,25330
46567,25244
46568,23803
46569,25305
46570,24622
46571,25364
46572,25364
46573,25364
46574,25364
46575,25371
46576,25183
46577,25069
46578,25071
46579,14710
46580,14708
46581,25226
46582,16282
46583,14713
46584,14709
46585,17319
46587,25225
46588,25224
46589,24873
46590,25371
46591,25185
46592,25107
46593,25269
46594,23136
46595,25071
46597,24659
46598,25354
46599,25312
46600,25085
46601,25145
46602,25064
46603,25395
46604,25209
46605,24671
46606,25166
46608,25212
46609,24749
46610,25396
46611,25400
46612,25399
46613,25404
46614,25403
46615,25402
46616,25405
46617,25253
46618,25173
46619,22207
46620,25406
46621,25406
46622,16912
46623,24664
46624,24665
46625,23803
46626,24674
46627,24674
46629,24672
46630,25552
46631,25418
46632,16287
46633,16913
46634,14685
46635,14685
46636,14687
46637,14714
46638,14688
46639,17073
46640,17078
46641,24984
46642,14684
46643,25185
46644,25185
46645,25419
46646,25242
46647,14718
46648,17116
46649,14720
46650,25269
46651,21497
46652,25185
46653,25421
46654,25423
46655,25355
46656,25424
46657,22589
46658,24873
46659,17164
46660,23339
46661,23820
46662,16285
46663,25250
46664,17171
46665,25310
46666,25309
46667,25413
46669,24336
46670,25107
46671,25426
46672,25428
46673,25428
46674,25428
46675,25429
46676,25429
46677,25429
46678,25430
46682,25263
46683,25362
46684,25316
46685,14710
46686,14684
46687,14713
46688,24710
46689,24710
46690,24710
46691,16332
46692,24334
46693,14718
46696,25414
46697,25411
46698,14708
46699,12955
46700,
46701,378
46702,378
46703,25509
46704,4327
46705,4327
46707,25166
46708,25439
46709,25438
46710,25292
46711,25436
46712,25436
46713,25303
46714,25440
46716,25354
46718,25242
46719,25441
46720,25441
46721,25425
46723,23083
46724,23083
46725,23351
46726,23333
46727,25310
46728,14688
46729,25431
46730,23339
46731,25095
46732,25442
46733,21963
46734,24336
46735,25246
46736,25444
46737,25444
46738,25432
46739,25432
46740,25432
46741,25432
46742,25432
46743,25432
46746,25432
46747,25432
46748,14683
46749,25437
46750,25190
46751,25278
46752,25446
46753,25266
46754,25200
46755,25200
46756,25265
46757,25265
46758,22985
46759,22985
46760,22721
46761,25414
46762,
46763,24982
46764,25448
46765,24757
46766,24671
46767,25405
46768,25335
46769,25447
46770,25269
46771,14720
46772,25449
46773,16285
46774,16282
46775,14688
46776,25185
46777,25185
46778,25185
46779,25185
46780,25185
46781,25185
46782,25445
46783,23936
46784,25354
46785,25363
46786,25451
46788,25358
46789,25452
46791,25303
46792,25450
46793,25254
46794,25458
46795,25454
46796,24749
46798,25320
46800,25456
46801,25456
46802,25456
46804,25436
46805,25455
46806,25185
46807,25107
46808,25425
46809,23136
46810,25185
46811,25362
46812,25435
46813,25416
46814,25435
46815,25286
46816,25167
46817,25167
46818,24948
46819,14723
46820,14695
46822,25280
46824,17171
46825,14713
46826,17116
46827,25414
46828,25284
46829,25285
46830,25453
46831,23597
46832,23597
46833,25447
46834,25291
46835,24532
46836,24532
46839,25246
46840,25371
46841,25413
46842,24970
46844,25166
46845,14695
46847,14712
46848,22721
46849,25398
46850,23803
46851,25253
46852,25489
46853,17077
46856,17075
46857,17076
46858,25414
46859,22764
46860,22764
46861,22765
46862,22765
46863,25486
46864,25447
46865,25490
46866,25433
46867,25410
46868,25415
46869,25415
46871,25415
46872,25407
46873,25407
46875,25407
46876,14688
46877,25185
46878,25185
46879,25185
46880,25185
46881,25185
46882,25254
46883,25394
46884,25191
46885,25317
46886,25493
46887,25095
46888,25404
46889,25083
46890,25402
46891,25403
46892,25064
46893,25496
46894,25446
46895,
46896,25145
46897,25494
46898,25456
46899,25497
46900,25424
46901,25424
46902,25288
46903,14723
46904,23136
46905,23136
46906,25285
46907,23936
46908,25310
46910,25361
46911,17115
46912,24936
46913,16913
46914,16287
46915,25398
46916,25499
46917,25407
46918,25500
46919,25500
46920,25253
46921,16285
46922,14683
46923,12965
46924,16279
46925,17171
46926,17078
46927,14718
46928,14684
46929,14685
46930,14693
46931,17077
46932,17075
46933,14720
46934,14694
46935,25502
46936,25161
46937,25394
46938,25300
46939,25505
46940,25075
46941,24588
46942,25446
46943,25504
46944,25431
46945,24602
46946,24602
46947,17116
46948,24984
46949,25425
46950,25366
46951,25495
46954,25199
46955,25199
46957,22768
46960,24888
46962,24888
46963,24888
46964,24888
46966,25506
46967,25291
46968,25286
46969,25498
46970,25185
46971,
46972,25280
46973,25508
46974,25288
46975,25075
46976,25513
46977,25510
46978,25511
46979,25423
46980,23728
46981,25519
46982,25520
46983,25516
46984,25515
46985,25296
46986,25522
46987,24710
46988,25394
46989,25525
46990,25527
46991,25253
46992,17164
46993,25528
46994,24948
46995,25512
46996,25529
46997,25522
46998,25364
46999,25371
47000,25502
47001,24569
47002,25367
47003,25285
47004,25431
47005,25263
47006,25503
47007,25530
47008,25532
47009,14684
47010,25284
47011,16913
47012,25410
47013,22764
47014,25523
47015,22765
47016,25278
47017,25167
47018,25414
47019,25411
47020,21633
47021,25426
47022,14712
47023,25537
47024,25537
47025,25537
47026,16279
47027,25500
47028,25269
47029,25267
47030,21497
47031,16287
47034,25407
47035,16332
47036,14709
47037,12955
47038,17164
47039,14708
47040,14688
47041,23159
47042,23159
47043,23159
47044,23159
47045,23159
47046,25512
47047,
47048,
47050,
47053,23136
47054,
47057,25145
47058,24580
47059,24948
47060,25541
47061,25542
47062,25443
47063,25354
47064,25543
47065,25509
47066,25514
47067,24984
47068,25075
47069,25395
47070,25394
47071,378
47072,25547
47073,25528
47074,25394
47076,25513
47077,25549
47078,25247
47079,25167
47080,25545
47081,25413
47082,25191
47083,25510
47084,25177
47085,25451
47086,25363
47087,25494
47088,25370
47089,14693
47090,25364
47091,14687
47092,25548
47093,25432
47094,25432
47095,25185
47096,25185
47097,25267
47098,25269
47099,25544
47100,25305
47101,25305
47102,25305
47103,25305
47104,25278
47105,25533
47106,25185
47107,25410
47108,25410
47109,22765
47110,25167
47111,25413
47112,16287
47113,24336
47114,25456
47115,25456
47116,25291
47117,17078
47118,25063
47119,25063
47120,25551
47121,25280
47122,25360
47124,24675
47125,24675
47126,22764
47127,25424
47128,25285
47129,25439
47130,25556
47131,23136
47132,14694
47133,25423
47134,25284
47135,24532
47136,25167
47137,22765
47138,25286
47139,25554
47140,25526
47141,25555
47142,25555
47143,25555
47145,14712
47146,14709
47147,24580
47148,25525
47150,21437
47151,23729
47152,23729
47154,25429
47155,25280
47156,25404
47157,25064
47158,25403
47159,25402
47160,378
47161,25063
47162,25507
47164,25559
47165,25558
47166,25561
47167,25242
47168,25069
47169,25564
47170,25565
47171,25566
47172,25185
47173,25553
47174,14694
47175,25398
47176,25398
47177,25238
47178,25523
47179,25569
47180,25570
47181,25568
47182,25432
47183,25432
47184,16287
47185,25185
47186,25285
47187,25185
47188,25199
47189,25557
47190,25562
47191,25562
47192,25567
47193,25567
47194,25500
47195,25500
47196,16279
47197,14685
47198,25284
47199,25541
47200,25572
47201,25573
47202,14684
47203,17164
47204,16913
47205,14707
47206,25284
47207,16282
47208,25285
47209,25546
47210,25286
47211,25286
47212,17076
47213,25320
47214,25367
47215,25576
47216,23803
47217,25371
47218,25579
47219,22764
47220,22768
47221,22768
47222,25335
47223,25335
47224,14694
47225,23820
47226,25199
47227,25532
47228,25584
47229,17075
47230,25305
47231,17078
47232,25586
47233,22764
47235,25246
47236,25573
47237,25570
47238,25578
47239,25543
47240,25442
47241,25441
47242,25443
47243,25404
47244,25402
47245,25403
47246,25064
47247,25424
47248,25574
47249,25575
47250,25509
47251,25583
47252,25583
47253,25581
47254,25582
47255,25585
47257,24675
47258,25023
47259,25280
47260,25588
47261,25397
47262,25592
47263,25242
47264,25412
47265,25412
47266,25185
47267,25394
47268,25569
47269,24580
47270,25604
47271,25557
47272,16913
47273,25589
47274,25185
47275,25364
47276,
47277,
47278,
47279,
47280,
47281,16287
47282,23803
47283,14707
47284,17077
47285,25590
47286,25606
47287,25590
47288,25367
47289,25576
47290,22775
47291,25601
47292,25601
47293,16332
47294,25411
47296,25414
47297,22765
47298,22765
47299,24532
47300,25284
47301,25284
47302,25414
47303,25437
47304,22764
47305,25185
47306,25605
47307,25230
47308,25185
47309,25500
47310,25608
47311,25278
47314,22768
47315,25611
47316,25510
47317,25613
47318,22764
47319,22764
47320,25199
47321,25199
47322,25506
47323,22764
47324,25278
47325,24336
47326,22768
47327,25412
47328,25185
47329,25185
47330,25614
47331,25615
47332,25565
47333,23803
47334,21583
47335,25612
47336,25595
47337,25411
47338,24532
47339,25561
47340,25596
47341,25575
47342,25543
47343,25456
47344,25625
47345,25500
47346,25191
47347,25454
47348,25454
47349,25303
47350,25321
47351,25595
47352,4327
47353,4327
47354,25428
47355,25364
47356,25603
47357,25591
47358,25609
47359,25605
47360,25599
47361,25593
47362,25627
47363,25525
47364,25424
47365,25075
47366,25562
47367,25567
47368,23597
47369,25435
47370,22768
47371,25602
47372,25371
47373,25265
47375,23729
47376,25628
47377,25626
47378,25303
47380,25510
47381,25590
47382,12965
47383,25633
47385,25632
47386,25532
47387,25449
47388,25600
47389,25549
47390,25073
47391,25353
47392,25486
47393,25634
47394,25635
47395,25636
47396,14693
47397,17075
47398,25535
47400,24532
47401,25407
47402,25415
47403,22768
47404,25412
47405,24532
47406,25412
47407,25185
47408,25185
47409,25185
47410,25185
47411,25394
47412,25325
47413,25161
47414,25650
47415,
47416,25607
47417,25497
47418,25641
47419,25533
47420,25230
47421,25644
47422,22207
47423,25566
47424,25485
47425,25643
47426,25646
47427,25647
47428,25640
47429,25649
47430,25616
47431,25578
47432,24126
47433,25485
47434,25305
47435,25305
47436,25562
47437,25433
47438,25432
47439,25651
47440,25481
47441,25320
47442,25645
47443,25648
47444,25265
47445,25278
47446,25407
47447,25407
47448,25266
47449,25481
47450,25433
47451,25415
47452,25415
47453,25500
47454,25586
47455,25407
47456,25590
47457,25435
47458,25648
47459,25583
47461,25629
47462,25692
47463,25363
47464,25549
47465,25630
47466,25631
47467,25639
47468,25364
47469,25640
47470,25694
47471,25691
47472,25693
47473,378
47474,25394
47475,25702
47476,25703
47477,25240
47478,25567
47479,25570
47481,25415
47482,25706
47483,25265
47484,22768
47485,25665
47486,25664
47487,25707
47488,25185
47489,25185
47490,25185
47491,25185
47492,25185
47493,25320
47494,25645
47495,24532
47496,25278
47497,25199
47498,25266
47499,25712
47500,25714
47501,25481
47502,25716
47503,25278
47504,25266
47505,25199
47506,17164
47507,14687
47508,25485
47509,25611
47510,25717
47511,25717
47512,25713
47513,25416
47514,25717
47515,25715
47517,24532
47518,25355
47519,14685
47520,24984
47521,25719
47522,25265
47523,25721
47524,25721
47525,25633
47526,24622
47527,25722
47528,25398
47529,25398
47530,22768
47533,25371
47534,25412
47535,25412
47536,25481
47537,25664
47538,25665
47539,25590
47540,25023
47541,25650
47542,25596
47543,378
47544,25709
47545,25644
47546,25533
47547,25533
47548,25600
47549,25592
47550,25230
47551,
47552,25353
47553,25727
47555,25728
47557,25730
47558,25566
47559,25567
47560,25731
47561,25732
47562,25732
47563,25733
47564,25729
47565,23160
47566,25735
47567,25740
47569,25723
47570,25743
47571,25742
47572,25744
47573,25731
47574,25454
47575,25300
47576,25454
47577,25745
47578,25747
47579,25748
47580,25749
47581,25750
47582,25751
47583,24580
47584,25746
47585,25752
47586,25738
47587,25739
47588,25355
47589,25336
47590,25602
47591,25720
47592,25416
47593,25433
47594,25723
47595,25432
47596,25185
47597,25185
47598,25185
47599,25185
47600,25412
47601,25664
47602,25753
47603,25665
47604,25411
47605,25734
47606,25754
47607,25481
47608,25437
47609,25756
47610,22764
47611,25397
47612,24401
47613,25639
47614,25755
47615,25394
47616,23821
47617,25567
47618,25758
47619,25760
47620,25752
47621,25411
47622,25481
47623,25407
47624,25407
47625,25764
47626,25437
47627,25230
47628,25639
47630,25161
47631,25064
47632,25595
47633,25558
47634,25575
47635,25651
47636,25630
47637,25755
47638,25641
47639,25766
47640,25429
47641,25767
47642,25611
47643,25770
47644,23160
47645,23160
47646,25769
47647,23160
47648,23160
47649,23160
47650,23160
47651,25773
47652,25526
47653,25721
47654,25364
47655,17076
47656,17075
47657,21633
47658,25721
47659,25063
47660,21633
47661,14685
47662,25185
47663,25185
47664,25185
47665,24888
47666,24888
47667,25665
47668,25752
47669,25781
47670,25781
47671,25780
47672,25780
47673,25779
47674,25779
47675,19257
47676,25415
47677,25415
47678,25775
47679,25776
47680,25777
47681,25778
47682,25782
47683,25783
47684,25783
47685,25783
47686,25783
47687,25746
47688,
47689,25430
47690,25702
47691,25253
47692,25625
47693,25585
47694,25582
47695,17075
47696,25366
47697,23299
47698,25788
47700,25230
47701,25398
47702,25744
47703,25366
47704,25364
47705,5356
47706,25567
47707,25707
47708,25460
47709,25646
47710,25790
47711,25772
47712,21497
47713,25407
47714,25731
47715,25731
47716,
47717,
47718,
47719,25300
47720,25724
47721,25724
47722,25647
47723,25791
47724,
47727,25768
47728,25454
47729,25394
47730,25754
47731,378
47732,22207
47733,25759
47734,25288
47735,25638
47736,25415
47737,25371
47738,25769
47739,25639
47740,25730
47741,25302
47742,25397
47743,25336
47744,25064
47745,24045
47746,25185
47747,24921
47748,25185
47749,25792
47750,25185
47751,25190
47752,25265
47753,24888
47755,25481
47756,25200
47757,25774
47758,25794
47759,25433
47760,25398
47761,25320
47762,25797
47763,25795
47764,25796
47766,25191
47767,25567
47768,14707
47769,25416
47770,25075
47771,4327
47772,24948
47773,22768
47774,25664
47775,25757
47776,25801
47777,12965
47778,23597
47779,17076
47780,17116
47781,25803
47782,25804
47783,25723
47784,16296
47785,25481
47786,25265
47787,25190
47788,24888
47789,25790
47790,25407
47791,25807
47792,25729
47793,25809
47794,378
47795,24401
47796,25815
47797,17115
47798,25816
47799,25817
47800,25188
47801,25638
47802,25800
47803,25798
47804,25799
47805,25818
47806,25793
47808,22702
47809,25629
47810,25772
47811,25535
47812,25820
47813,25760
47814,25567
47815,25185
47816,25185
47817,25185
47818,25185
47819,25802
47820,25796
47821,25415
47822,14707
47823,25801
47824,25611
47825,25814
47826,25415
47827,25481
47828,25064
47829,14707
47830,25825
47831,25398
47832,25823
47833,24049
47834,24049
47835,25783
47836,25023
47837,25826
47838,25063
47839,25733
47840,21510
47841,25811
47842,25813
47843,25812
47844,25807
47845,25159
47846,378
47847,378
47848,25561
47849,378
47850,25744
47851,25576
47852,25829
47853,25625
47854,25253
47855,25830
47856,25831
47857,25825
47858,25760
47859,25355
47860,25288
47861,25485
47862,24244
47863,24401
47864,25549
47865,25842
47866,25841
47867,25840
47868,25839
47869,25838
47870,25646
47871,17076
47872,25801
47873,17399
47874,25723
47875,25810
47876,25824
47877,25416
47878,25185
47879,25583
47881,25843
47882,25793
47883,25833
47884,25833
47885,25833
47886,25834
47887,25834
47888,25836
47889,25836
47890,25835
47891,25835
47892,25835
47893,25835
47894,25835
47895,25837
47897,25837
47898,25415
47899,25185
47900,25837
47901,25837
47902,25837
47903,25837
47904,25837
47905,25320
47906,25648
47907,25432
47908,25364
47909,25743
47910,25567
47911,25639
47912,25824
47913,25810
47914,25810
47915,25481
47916,25847
47917,25848
47918,25845
47919,25825
47920,25321
47921,25850
47922,25639
47923,25577
47924,25577
47925,25692
47926,25854
47927,25853
47928,25852
47929,25253
47930,22764
47931,25856
47932,25855
47933,25851
47934,16279
47935,25432
47936,25857
47937,25416
47938,25858
47939,25185
47940,21649
47941,22985
47942,25702
47943,14683
47944,14684
47945,14688
47946,14683
47947,14684
47948,14688
47949,17076
47954,16287
47956,25063
47957,25440
47958,25161
47960,25806
47961,25579
47962,25253
47963,25625
47964,22702
47965,25851
47966,25861
47967,25862
47968,25863
47969,25863
47970,25864
47971,25865
47972,25867
47973,25866
47974,25729
47975,25730
47976,25868
47977,25869
47978,25871
47979,25873
47980,25859
47981,25860
47982,25190
47983,25532
47985,25364
47986,25850
47987,25023
47988,25772
47989,25876
47990,25872
47991,24888
47992,25870
47993,25185
47994,25874
47995,25416
47996,25185
47997,25185
47998,25790
47999,25412
48000,25432
48001,25853
48002,25881
48003,25882
48004,25631
48005,25883
48006,25885
48007,25884
48008,25888
48009,25648
48010,25890
48011,25889
48012,25880
48013,25891
48014,14683
48015,16332
48016,25855
48018,25894
48019,25894
48020,25432
48021,22561
48022,25625
48023,25730
48024,25579
48025,25161
48026,25879
48027,25878
48028,25877
48029,25861
48030,25872
48031,25416
48032,25895
48033,25897
48034,25692
48035,25898
48036,25899
48037,25721
48038,25901
48039,25063
48040,25908
48041,25526
48042,25876
48043,23160
48044,25808
48045,25432
48046,25910
48047,23113
48048,25611
48049,23116
48050,25909
48051,25432
48052,25185
48053,25407
48054,25407
48055,25860
48056,25859
48057,25432
48058,25887
48059,25415
48060,25265
48061,25532
48062,25611
48063,25432
48064,25432
48065,25918
48066,25625
48067,25929
48068,25930
48069,25364
48070,25734
48071,25911
48072,25920
48073,25921
48074,25432
48075,25931
48076,25919
48077,25460
48078,25935
48079,25188
48080,25398
48081,25190
48082,25731
48083,25731
48084,25185
48086,25432
48087,25200
48088,25432
48089,25860
48090,25859
48092,
48093,
48094,
48095,25924
48096,25924
48097,25937
48098,25932
48099,25923
48100,25925
48101,25943
48102,25927
48104,25734
48105,25826
48106,25161
48107,25939
48108,25926
48109,25940
48110,25744
48111,25941
48112,25893
48113,25892
48114,25756
48115,25944
48116,25636
48117,25946
48118,25837
48119,25242
48120,25947
48121,24932
48122,25185
48123,25432
48124,21497
48125,25407
48126,25185
48127,25200
48128,25432
48129,25739
48130,25909
48131,25911
48132,25929
48133,25949
48134,23160
48135,24888
48136,25951
48137,25951
48140,25842
48141,25841
48142,25839
48143,25838
48144,25567
48145,25429
48146,25428
48147,25430
48151,25555
48152,12965
48153,25451
48154,25702
48155,25265
48156,25481
48157,25942
48158,25367
48159,25576
48160,25933
48161,25934
48162,25665
48163,25665
48164,25432
48165,25432
48166,23160
48167,22561
48169,25625
48170,25897
48171,25964
48172,25724
48173,25965
48174,25928
48175,25966
48176,25971
48177,25738
48178,25972
48179,25692
48180,25625
48181,25873
48182,24888
48183,25765
48184,25975
48185,25924
48186,25976
48187,25454
48188,25407
48189,25979
48190,25948
48191,25980
48192,25953
48193,16332
48194,25954
48195,25955
48196,25812
48197,25956
48198,25407
48199,16279
48200,25977
48201,25983
48202,25929
48203,25648
48204,25780
48205,25984
48206,25185
48207,25934
48208,25519
48209,24976
48210,25983
48211,25432
48212,25871
48213,23781
48214,25842
48215,25974
48216,25902
48217,25987
48218,16332
48219,25864
48220,25765
48221,25770
48222,25916
48223,25952
48224,25915
48225,25063
48226,25988
48227,25730
48228,25948
48229,25625
48230,25972
48231,25416
48232,25856
48233,25994
48234,25200
48235,25944
48236,25665
48237,24888
48238,25432
48239,25995
48240,21497
48241,25185
48242,25638
48243,25743
48244,25190
48245,25190
48246,25996
48247,25963
48248,25997
48249,25997
48250,25432
48251,25965
48252,25432
48253,25185
48254,25185
48255,19991
48256,25185
48257,25859
48258,25772
48259,25190
48260,25407
48261,25407
48262,22985
48263,25859
48264,25772
48265,25993
48266,25027
48267,25998
48268,23160
48269,24670
48270,24669
48271,24663
48272,25989
48273,25979
48274,25942
48275,25860
48276,25999
48277,25991
48279,25994
48280,25773
48281,25884
48282,25978
48283,25978
48284,25811
48285,26000
48286,26001
48287,24976
48288,25665
48289,24888
48290,26005
48291,25454
48292,25063
48293,24830
48294,25989
48295,25631
48296,23752
48297,23754
48298,25994
48299,25967
48300,25968
48301,25969
48302,25965
48303,25970
48304,26013
48305,25217
48306,25217
48307,25943
48308,25916
48309,25811
48310,25625
48311,26014
48312,25546
48313,14693
48314,14693
48315,17171
48316,17171
48317,25866
48318,25743
48319,25354
48320,25354
48321,25651
48322,25610
48323,26018
48324,25887
48325,25730
48326,23160
48328,25648
48329,24039
48330,22985
48331,25200
48332,25407
48333,26003
48334,25801
48335,25665
48336,24888
48337,25811
48338,25185
48339,26002
48340,26028
48341,25951
48342,25976
48343,25191
48344,25948
48345,24039
48346,26033
48347,25930
48348,25185
48349,25185
48350,25432
48351,25185
48352,25432
48353,25185
48354,25364
48355,26034
48356,16279
48357,16912
48358,16912
48359,26029
48360,25775
48361,26036
48362,26036
48363,26036
48364,22606
48365,26027
48366,26026
48367,26035
48368,25882
48369,25881
48370,24868
48371,25407
48372,
48373,26003
48374,25625
48375,25864
48376,26038
48377,26039
48378,26044
48379,25724
48380,26046
48381,25933
48382,25200
48383,23919
48384,25868
48385,25868
48386,25866
48387,22985
48388,25200
48389,25994
48390,25651
48391,25631
48392,26053
48393,25191
48395,25648
48396,25185
48397,25185
48398,25185
48399,25432
48400,25432
48401,25978
48402,25820
48403,26036
48404,26036
48407,26036
48408,26036
48409,26057
48410,26056
48411,17164
48412,25738
48413,26058
48414,26055
48415,26055
48416,25526
48417,26060
48418,25584
48419,25951
48420,25593
48421,25959
48422,25957
48423,25958
48425,25567
48426,24888
48427,25415
48428,25415
48429,24888
48430,25200
48431,22985
48432,25407
48433,26067
48434,24888
48435,25185
48436,26003
48437,25840
48438,26068
48439,26061
48440,26070
48441,26038
48442,25795
48443,25996
48444,25625
48445,22985
48446,26073
48447,26074
48448,25730
48449,25743
48450,25546
48451,26082
48452,26078
48453,25064
48454,25925
48455,26083
48456,25407
48457,24976
48458,24976
48459,25554
48460,25555
48462,25795
48465,26084
48466,26084
48467,25200
48470,25407
48474,25820
48476,25429
48477,25429
48478,25781
48479,26036
48480,26085
48481,26086
48482,26098
48483,26097
48484,26096
48485,26095
48486,26094
48487,26093
48488,26092
48489,4327
48490,26091
48491,26090
48492,26088
48493,26089
48494,26099
48495,26087
48496,26084
48497,26084
48498,26084
48499,26084
48501,25802
48502,26084
48503,17116
48504,25802
48505,25593
48506,26072
48507,26101
48508,25432
48509,25185
48510,25185
48511,25432
48512,24652
48513,17116
48515,26102
48516,26079
48517,26069
48518,26050
48519,25958
48520,26048
48521,25903
48522,25064
48523,26103
48524,25724
48525,26104
48526,26114
48527,25965
48528,26073
48529,26115
48530,26119
48531,26118
48532,26118
48533,26117
48534,26120
48535,26120
48536,26117
48537,26118
48538,26119
48539,26121
48540,25979
48541,26124
48542,26124
48543,26122
48544,25743
48546,26072
48547,26128
48548,26127
48549,25820
48550,24888
48551,25415
48552,26083
48553,25795
48555,25407
48556,25185
48557,25407
48559,25185
48560,25625
48561,25730
48562,25866
48563,24976
48564,25794
48565,25794
48566,25774
48567,25774
48568,25610
48569,25610
48570,25432
48571,25185
48572,25432
48573,25821
48574,25724
48575,25841
48576,25724
48577,25965
48578,26122
48579,25730
48580,25902
48581,26080
48582,378
48583,378
48584,378
48585,378
48586,25063
48587,25063
48588,25625
48589,25593
48590,25584
48591,25864
48592,26047
48593,26115
48594,26074
48595,26130
48596,25185
48597,25794
48598,25794
48599,25774
48600,26049
48601,25288
48602,25354
48603,25665
48604,26114
48605,25738
48606,26135
48607,25957
48608,25958
48609,25960
48610,26134
48611,25371
48612,24334
48613,24336
48614,25957
48615,16912
48616,17116
48617,25631
48618,26104
48619,25974
48620,25025
48621,16913
48622,25802
48623,25743
48624,17319
48625,26132
48626,26045
48627,14709
48628,14694
48629,14713
48630,26139
48632,23752
48633,25665
48634,25965
48635,26117
48636,25185
48637,26140
48638,25185
48639,25364
48640,26141
48641,26062
48642,26063
48643,26142
48644,26066
48645,25288
48647,25794
48648,26143
48649,25253
48650,25253
48651,26138
48653,26146
48654,26147
48656,26145
48657,25902
48658,26080
48659,25811
48660,25802
48661,14693
48662,14693
48663,17164
48664,17164
48665,14712
48666,26143
48667,25546
48668,26144
48670,26151
48672,26148
48673,26149
48674,26150
48675,26153
48676,25364
48677,26152
48678,25534
48679,26158
48680,26159
48681,26045
48682,26160
48683,26155
48684,16912
48685,17116
48686,17116
48687,14713
48688,14694
48689,26168
48690,25979
48691,26063
48692,26062
48693,17319
48694,26124
48695,26098
48696,26097
48697,26173
48698,25958
48699,26175
48700,25025
48701,26174
48702,26066
48703,26176
48704,26065
48705,26064
48706,26178
48707,26180
48708,26180
48709,26070
48710,26177
48711,25730
48712,25774
48713,26134
48714,25795
48715,26074
48716,
48717,
48718,26184
48719,26185
48720,25415
48721,25415
48722,25407
48723,25610
48724,25774
48725,25602
48726,26000
48727,26134
48728,26135
48729,26015
48731,25185
48732,25185
48733,25185
48734,25743
48735,26002
48736,25185
48737,26187
48738,26187
48741,24888
48743,25320
48744,25795
48745,26191
48746,26190
48747,25835
48748,24888
48749,24976
48750,26183
48751,26192
48752,24401
48753,23754
48754,24401
48755,25884
48756,23752
48757,23754
48758,25832
48759,25832
48760,24888
48761,25610
48762,26179
48763,25407
48764,25185
48765,25063
48766,26189
48767,26189
48768,26189
48769,26193
48770,25724
48771,26194
48772,25407
48773,26000
48774,26000
48775,26000
48776,26000
48777,21497
48778,26104
48779,26104
48780,26079
48781,25354
48782,25354
48783,26153
48784,26152
48785,25898
48786,26182
48787,26181
48788,26130
48789,26117
48790,25965
48791,26144
48792,25832
48793,26176
48794,26138
48795,25364
48796,26190
48797,26084
48798,14709
48799,14694
48800,26310
48801,14713
48802,14713
48803,26065
48804,26064
48805,26063
48806,26174
48807,26178
48808,26062
48809,25743
48810,25253
48811,21281
48812,21281
48815,25665
48816,25415
48817,25774
48818,26202
48819,26053
48820,25665
48821,26134
48822,16912
48823,25415
48824,25185
48825,14712
48826,26074
48827,26083
48828,25774
48829,26203
48830,26201
48831,21281
48832,21281
48833,21281
48834,21281
48835,26201
48836,26201
48837,26201
48838,25610
48839,25795
48840,25794
48841,25185
48842,24976
48843,26036
48844,26187
48845,26205
48846,26114
48847,4327
48849,14692
48850,26206
48851,25636
48852,26047
48853,26215
48854,26160
48855,26070
48856,25185
48857,25665
48858,25185
48859,25974
48860,26117
48861,25965
48862,26104
48863,26117
48864,26216
48865,26201
48866,26217
48867,26218
48868,25061
48869,26143
48870,26143
48871,26143
48872,26065
48873,25902
48874,26219
48875,25958
48876,25457
48877,25373
48878,26212
48879,25470
48880,26105
48881,26105
48882,26195
48883,25161
48884,26178
48885,26220
48886,25802
48887,26066
48888,26223
48889,26223
48890,26223
48891,26223
48892,26223
48893,26223
48894,25063
48895,26226
48896,26224
48897,23160
48898,26055
48901,25864
48902,25864
48903,21497
48904,21281
48905,25774
48906,25794
48907,25794
48908,25185
48909,25185
48910,25185
48911,25185
48912,25837
48914,25890
48915,26211
48916,26211
48917,26211
48918,26078
48919,25813
48920,21633
48921,26084
48923,26227
48924,25583
48925,25582
48926,25415
48927,25407
48928,25185
48929,25602
48930,26135
48931,24888
48932,25407
48933,26228
48934,26219
48935,26225
48936,26133
48937,26131
48938,26229
48939,378
48940,25161
48941,25665
48942,26149
48943,25774
48944,25061
48945,26230
48946,14709
48947,14709
48948,25995
48949,17096
48950,26203
48951,25958
48952,25185
48953,26229
48954,26229
48955,26229
48957,25282
48958,25938
48959,26231
48960,25185
48961,23160
48962,26232
48963,25185
48964,25185
48965,16287
48966,16913
48967,26124
48968,25582
48969,25802
48970,23752
48971,23752
48972,25583
48973,26084
48974,26239
48975,25554
48977,21633
48978,21633
48979,21633
48980,21633
48981,21633
48982,21633
48983,26240
48984,26074
48985,25185
48986,26124
48987,25665
48988,24888
48989,25185
48990,26216
48991,25733
48992,378
48993,25161
48994,
48995,
48997,26236
48998,26235
48999,26233
49000,26234
49001,26203
49002,26233
49003,14692
49004,24888
49005,25407
49006,25794
49007,25837
49011,22606
49012,26027
49013,26242
49014,26151
49015,26244
49016,25064
49017,25185
49018,26236
49019,26074
49020,21497
49021,26223
49024,25407
49025,25794
49026,16287
49027,25583
49028,16287
49030,21633
49031,16912
49032,25801
49033,14696
49034,16279
49035,26237
49036,26187
49038,22061
49039,25185
49040,
49041,21497
49042,21497
49043,21497
49044,21497
49045,25457
49046,26069
49047,26246
49048,4574
49049,14718
49050,26248
49051,26249
49052,26250
49053,26250
49055,25185
49056,25185
49057,26251
49058,25185
49059,25602
49060,26232
49061,25161
49062,378
49063,16287
49064,25801
49065,26252
49066,26255
49067,26243
49068,26256
49069,25835
49070,24401
49071,24401
49072,24888
49073,25665
49074,25602
49075,14696
49076,26030
49077,26259
49078,25743
49079,26257
49080,25832
49081,26135
49082,26084
49083,25554
49084,26084
49085,21497
49086,25185
49087,25185
49088,25583
49089,25185
49090,24888
49091,24888
49092,25665
49093,26245
49094,25743
49095,26063
49096,16913
49097,14692
49098,26062
49099,26192
49101,25960
49102,16287
49103,26203
49104,26240
49105,25185
49106,25665
49107,25583
49108,26260
49109,25583
49110,25185
49111,25602
49112,26232
49113,26237
49114,26216
49115,26232
49116,26263
49117,25161
49118,26232
49119,25185
49120,26216
49121,26248
49122,26248
49123,26264
49124,26264
49125,25774
49126,25555
49127,25554
49128,16279
49129,25802
49130,25185
49131,25583
49132,24262
49133,25864
49134,26187
49136,16913
49137,26249
49138,16279
49139,26232
49140,16912
49141,14707
49142,25602
49143,25801
49144,14720
49145,26265
49147,26177
49148,16287
49149,16913
49151,26264
49152,26264
49153,26223
49154,26248
49155,26259
49156,21633
49157,21633
49158,25185
49159,26229
49160,26216
49161,26232
49162,26263
49163,25161
49164,16287
49165,16287
49166,25554
49167,26084
49168,22123
49169,25802
49170,14692
49171,14692
49172,14696
49173,14696
49174,26211
49179,21788
49180,26268
49181,26065
49182,26064
49183,26184
49184,26177
49185,26274
49186,26274
49187,24888
49188,26000
49189,25835
49190,26255
49191,25837
49192,26267
49193,26248
49195,26275
49196,16913
49197,14696
49198,25801
49199,26238
49200,26036
49201,26036
49202,26188
49203,26055
49204,26188
49205,25602
49206,26074
49207,26187
49208,4574
49209,26238
49210,26275
49211,26084
49212,24888
49213,26266
49214,16279
49215,25774
49216,26245
49217,24888
49218,25774
49219,26245
49220,26266
49221,26267
49222,26250
49223,23160
49224,26236
49225,25185
49227,23160
49228,25555
49229,25602
49230,378
49231,25960
49232,26265
49233,26232
49234,26192
49236,378
49237,26277
49239,26279
49240,26249
49241,26249
49243,26282
49244,26243
49245,16912
49246,25832
49247,26280
49248,26223
49249,26285
49250,25185
49251,21497
49252,25743
49253,26267
49255,25185
49256,25743
49257,26000
49258,25801
49259,26238
49260,25864
49261,25602
49262,26288
49263,23160
49264,26201
49265,26142
49266,25185
49267,25064
49268,25185
49269,21633
49270,26296
49271,26283
49272,25282
49273,26287
49275,25802
49276,25802
49277,26189
49278,26060
49279,25929
49280,26031
49281,25064
49282,26216
49283,26289
49284,16279
49285,25185
49286,12955
49287,12955
49288,12955
49289,12955
49290,12955
49291,25801
49292,26142
49293,378
49294,26274
49295,26277
49296,21963
49297,26298
49298,26297
49299,16912
49300,16912
49301,16272
49302,26301
49303,26279
49304,25743
49305,23160
49306,23160
49307,25185
49308,26223
49309,25774
49310,26238
49311,26238
49312,26238
49313,26238
49314,25371
49315,26264
49316,26304
49317,25185
49318,25897
49319,26305
49320,24888
49321,26305
49322,16287
49323,24888
49324,26245
49325,26300
49326,25864
49327,26306
49329,24499
49330,25924
49331,26158
49332,26140
49333,22123
49334,22123
49335,26000
49336,25977
49337,26307
49338,26307
49339,26245
49340,26302
49341,26287
49342,25774
49344,25555
49345,25555
49346,26308
49347,24401
49348,25250
49349,25216
49350,26287
49351,26084
49352,26084
49353,26084
49354,26084
49355,26267
49356,23160
49357,26223
49358,26311
49359,26266
49360,25743
49361,26279
49362,21788
49363,26192
49364,19600
49365,
49366,25185
49367,378
49368,26306
49369,26223
49370,26305
49371,25457
49372,25929
49373,26060
49374,26312
49375,25185
49376,25457
49377,26275
49378,26313
49379,25064
49380,25861
49381,25770
49382,26289
49384,25774
49385,26245
49386,25924
49387,23160
49388,26267
49389,26264
49390,14723
49391,26266
49392,26266
49393,25802
49394,26312
49395,25887
49396,26315
49397,25185
49398,4327
49399,26287
49400,26220
49401,26258
49402,26317
49403,26306
49404,26219
49405,26310
49406,25354
49407,26189
49409,26306
49410,26321
49411,26320
49412,26319
49413,26318
49414,26201
49415,26201
49416,26279
49417,25554
49418,4574
49419,25774
49420,26223
49421,26306
49422,23160
49423,23160
49424,4574
49425,25185
49426,26203
49427,26308
49428,23160
49429,25887
49430,26324
49431,26325
49432,26211
49433,25250
49434,16913
49436,26327
49437,26322
49438,25225
49439,17076
49440,17078
49441,17077
49442,25185
49443,26312
49444,13797
49445,25161
49447,378
49449,26084
49450,25602
49451,26289
49452,26000
49453,26326
49454,26328
49455,25185
49456,25185
49457,25185
49458,25774
49459,25216
49460,4574
49461,26287
49462,25774
49464,16279
49465,26189
49466,26083
49467,26158
49469,26334
49470,26296
49471,25977
49473,25250
49474,26304
49475,26306
49476,26306
49477,26220
49478,26220
49479,26223
49480,26332
49481,26335
49482,22123
49484,25371
49485,378
49486,378
49487,26336
49488,26337
49489,16279
49490,16279
49491,25457
49492,25802
49493,26211
49494,26328
49495,26326
49496,26312
49497,26338
49498,25554
49499,25224
49500,25185
49501,26318
49502,26319
49503,26320
49504,25868
49505,25868
49506,25868
49507,4574
49508,26083
49509,17078
49510,25225
49511,17076
49512,16913
49513,16913
49514,16913
49515,26201
49516,25887
49517,25886
49518,25185
49519,26312
49520,25554
49521,26000
49522,25868
49523,22123
49524,22123
49525,26287
49526,26203
49527,17077
49528,25250
49529,26084
49530,26084
49531,26084
49532,26084
49533,26220
49534,25216
49535,26325
49536,17076
49537,26000
49538,26289
49539,26062
49540,26062
49541,26344
49542,26346
49543,26345
49544,26053
49545,26348
49546,26074
49547,26349
49548,26343
49549,25602
49550,26347
49551,26216
49552,26223
49553,26352
49554,25185
49555,25868
49556,25868
49557,26306
49559,26238
49560,26201
49561,25371
49562,12955
49563,12955
49564,12955
49565,12955
49566,12955
49567,21497
49568,21497
49569,21497
49570,21497
49571,21497
49572,26353
49573,26358
49574,25862
49575,25981
49576,378
49577,26274
49578,25241
49580,25554
49581,26359
49582,26323
49583,26360
49584,26361
49585,26331
49586,26364
49587,26158
49588,25775
49589,26367
49590,26363
49591,24590
49592,24771
49593,24771
49594,24268
49595,26223
49596,24925
49597,26083
49598,25801
49599,26266
49600,23197
49601,26000
49602,26289
49603,26236
49604,25602
49605,26287
49606,25225
49607,26371
49608,26306
49609,24968
49610,26377
49611,26376
49612,25554
49613,25897
49614,25861
49615,378
49616,25457
49617,26371
49618,26371
49619,26371
49620,26371
49621,26371
49622,26373
49623,26061
49624,26372
49625,23597
49626,26380
49627,25958
49628,4574
49629,26069
49630,26069
49631,26287
49632,25802
49633,25802
49634,17084
49635,25225
49636,26380
49637,25927
49638,
49639,26306
49640,26223
49641,26220
49642,26381
49643,25602
49644,26385
49645,26384
49646,26387
49647,26392
49648,26371
49649,26378
49650,26379
49651,26379
49652,25774
49654,24968
49655,24968
49656,26376
49657,26376
49658,26388
49659,26389
49660,26390
49661,26391
49662,24590
49663,26375
49664,26300
49665,24771
49666,25225
49667,24505
49668,25974
49669,26338
49670,25224
49671,26403
49672,26404
49673,26395
49674,26383
49675,17077
49676,25185
49677,17078
49678,26267
49679,26325
49680,16913
49681,26300
49682,26312
49683,26394
49684,26376
49685,26399
49686,25868
49687,25185
49689,25185
49690,17076
49691,25216
49692,26381
49693,26238
49694,26378
49695,4574
49696,26396
49698,26405
49699,25801
49700,25801
49701,26410
49702,378
49703,26409
49705,25225
49706,25977
49707,26401
49708,26267
49709,22123
49710,26325
49712,26411
49713,26216
49714,26232
49715,24401
49716,25191
49717,26084
49718,26320
49719,26213
49720,25250
49722,26053
49723,26267
49724,26414
49725,25025
49726,26047
49727,25224
49728,26211
49729,26403
49730,23597
49731,26387
49732,25185
49733,26084
49734,26238
49735,26238
49736,26284
49737,26284
49738,26000
49739,26000
49740,26365
49741,26382
49742,26370
49743,26379
49744,4574
49745,4574
49746,26070
49747,26423
49748,378
49749,25648
49750,26084
49751,26084
49752,26424
49753,26084
49754,26084
49755,26084
49756,26084
49757,26419
49758,26084
49759,26417
49760,
49761,26410
49762,26201
49763,26400
49764,25837
49765,26428
49766,23197
49767,26419
49768,25955
49769,26403
49770,17078
49771,26420
49772,26213
49773,25185
49774,25868
49775,25938
49776,26425
49777,26400
49778,26418
49779,26418
49780,26359
49781,26429
49783,25185
49784,25796
49785,25734
49786,26232
49787,26371
49788,24968
49789,16913
49790,25602
49791,26289
49792,26000
49793,25801
49794,
49795,26430
49796,26431
49797,26433
49798,26373
49799,26434
49800,25226
49801,25955
49802,26117
49803,26216
49804,26440
49805,26435
49806,4327
49807,26442
49808,26442
49809,26211
49810,26000
49811,26371
49813,24968
49815,26375
49816,26443
49817,26232
49818,26213
49819,26441
49820,26000
49821,26440
49823,16913
49824,26061
49825,26447
49826,17319
49827,26450
49828,26450
49829,26450
49830,26450
49831,26450
49832,26450
49833,26451
49834,26387
49835,26452
49836,25602
49837,26289
49838,26376
49839,26238
49840,26453
49841,17078
49842,25216
49843,26371
49844,26289
49845,26000
49846,26284
49847,26455
49848,26410
49849,26410
49850,26454
49851,17077
49852,17077
49853,26431
49854,26425
49855,26434
49856,26457
49857,26460
49858,26462
49859,26446
49860,25025
49861,26465
49862,26466
49863,23083
49864,25927
49865,20166
49866,26469
49867,26470
49869,26468
49870,26471
49871,25185
49872,25185
49873,26473
49874,25602
49875,25602
49876,25837
49877,25224
49880,26321
49883,26411
49884,26467
49885,26474
49886,26456
49887,21497
49888,21497
49890,21497
49891,21497
49893,12955
49894,12955
49895,12955
49896,12955
49897,12955
49898,25226
49899,17076
49900,25224
49901,26375
49902,25862
49903,26318
49904,378
49905,378
49906,26146
49907,26229
49908,26445
49909,26445
49910,26426
49911,26472
49912,26464
49913,26463
49914,378
49915,26438
49916,25938
49917,26476
49918,26456
49919,26455
49920,26477
49921,26466
49922,26418
49923,24401
49924,25216
49925,26452
49926,26468
49927,16913
49928,25224
49929,26436
49930,26480
49931,26481
49932,26481
49933,26481
49934,26482
49935,25730
49936,26129
49937,26483
49938,26461
49939,26461
49940,26461
49941,25185
49942,25602
49943,26120
49944,26119
49945,26289
49946,26411
49947,26453
49948,26481
49949,26104
49950,26384
49951,26061
49952,26400
49953,26371
49954,26428
49955,26084
49956,25185
49958,26468
49959,26468
49961,26441
49962,26474
49963,26238
49964,25924
49965,25224
49966,26424
49967,25185
49968,26493
49969,26493
49970,26492
49971,26490
49972,26491
49973,26001
49974,26117
49976,26494
49977,26059
49978,26036
49979,26059
49980,26059
49981,26059
49982,26451
49983,26473
49984,24539
49985,17076
49986,25734
49987,26499
49988,23803
49989,23803
49990,26104
49991,26319
49992,26462
49993,26500
49994,26494
49997,25225
49998,26391
50000,25801
50001,25801
50002,26476
50003,26498
50004,26220
50005,16203
50006,25185
50007,26497
50009,26371
50010,25185
50011,26471
50012,26104
50013,26403
50014,26201
50015,26375
50016,26344
50017,25216
50018,25226
50019,26084
50020,26084
50021,25796
50023,26467
50025,26500
50026,25730
50027,26511
50028,26440
50029,26233
50030,23644
50031,26516
50032,25185
50033,26234
50034,25185
50035,26519
50036,26428
50037,26000
50039,16913
50040,25602
50041,26289
50042,26235
50043,26279
50044,26238
50045,26080
50046,26505
50047,26521
50048,26513
50049,26510
50050,26509
50051,26522
50052,26524
50053,21788
50054,26418
50055,26289
50056,26525
50057,17076
50058,26104
50059,25303
50060,26526
50061,26319
50062,26523
50063,26000
50064,25602
50065,25434
50066,25371
50067,25665
50068,25371
50069,26455
50070,26453
50072,26477
50073,26403
50074,24968
50075,24968
50076,24968
50077,24968
50078,24968
50080,24670
50081,24663
50082,25209
50083,24665
50084,26498
50085,26318
50086,16913
50087,26235
50088,26509
50089,26510
50090,25801
50091,26371
50092,25602
50093,25303
50094,26453
50095,26000
50096,26289
50097,26505
50098,26527
50099,26497
50100,26497
50101,26375
50102,26234
50104,26279
50106,25216
50107,26084
50108,26084
50109,26084
50110,26284
50111,26284
50112,25955
50113,26516
50114,26535
50115,24968
50116,26537
50117,26537
50118,26233
50119,26519
50120,26201
50121,26445
50122,26532
50123,26531
50124,26530
50127,26539
50128,378
50129,24968
50130,26540
50131,26541
50132,26529
50133,26376
50134,26321
50135,26428
50136,17076
50137,25665
50138,26371
50139,25602
50140,26000
50141,26289
50142,26464
50143,26464
50144,26472
50145,25970
50146,24675
50147,26084
50148,26483
50149,24539
50150,4327
50151,26545
50152,25665
50153,25801
50154,26431
50155,26229
50156,26232
50157,26547
50158,26547
50159,25185
50160,26548
50161,26527
50162,26498
50163,23803
50165,24968
50166,24968
50167,24968
50168,24968
50169,24968
50170,26371
50171,26519
50172,26235
50173,26234
50174,25922
50175,26451
50176,26520
50177,25835
50178,26279
50179,26552
50180,26535
50181,26250
50182,26568
50183,26431
50184,26431
50185,25216
50186,26524
50187,26570
50188,26522
50189,26201
50190,21281
50191,26576
50193,26579
50194,25604
50195,25604
50196,26573
50197,26547
50198,26547
50199,24675
50200,25970
50201,26492
50202,26490
50203,26493
50204,26400
50205,26544
50206,26543
50207,26538
50208,26238
50209,24968
50210,26578
50211,25922
50213,26520
50214,26522
50215,26461
50216,26588
50217,25320
50218,26592
50219,26593
50221,24675
50222,25970
50223,26594
50224,26428
50225,26595
50226,26452
50228,25862
50229,25418
50230,26464
50231,26321
50232,26472
50233,25989
50234,26523
50235,26319
50236,26532
50237,26596
50238,26596
50239,25927
50240,25602
50241,26289
50242,26000
50243,17077
50244,26545
50245,24968
50246,23803
50247,26235
50248,26477
50249,26403
50250,26279
50251,16913
50252,26233
50253,26522
50254,26201
50255,26452
50256,26598
50257,26534
50258,26603
50259,26604
50260,26605
50261,26606
50262,26607
50263,26436
50264,24968
50265,26608
50266,25861
50267,25897
50268,26609
50269,24968
50270,26520
50271,26544
50272,16913
50273,25602
50274,26000
50275,26289
50276,26371
50277,25602
50278,26000
50279,26289
50280,26371
50281,26238
50282,25602
50283,26000
50284,26289
50285,26371
50286,26552
50287,26135
50288,26001
50289,25185
50290,25927
50291,26612
50292,26382
50293,26601
50294,26574
50295,26574
50296,25531
50297,378
50298,26611
50299,26620
50300,25801
50301,25801
50302,25224
50305,26616
50306,26615
50307,16913
50308,26614
50309,26613
50310,26595
50311,26403
50312,26621
50313,26490
50315,26129
50317,26491
50318,26576
50319,23803
50320,26279
50321,26622
50322,26623
50323,21281
50324,26624
50325,26625
50326,26210
50327,25209
50328,26084
50329,26084
50330,26626
50331,26628
50332,26436
50333,26606
50334,26605
50335,26603
50336,26632
50337,26527
50338,26634
50339,26640
50340,26642
50341,24968
50342,24968
50343,26646
50344,24968
50345,26573
50346,26238
50347,24670
50348,26400
50349,26629
50350,26631
50351,26633
50352,24968
50353,26635
50354,21497
50355,12955
50356,12955
50358,12955
50359,12955
50360,26636
50361,26461
50362,25531
50363,26461
50364,26637
50368,26638
50369,25418
50370,21649
50371,26602
50374,25226
50375,26450
50376,26450
50377,26450
50379,26645
50380,26419
50381,26644
50382,26450
50383,26643
50384,26514
50385,26641
50386,26641
50388,26651
50390,26652
50391,26525
50392,25989
50393,26433
50394,26649
50395,26655
50396,
50398,26493
50399,26548
50400,26657
50401,26658
50402,26659
50403,26625
50404,25638
50405,25638
50406,25927
50407,26660
50408,26662
50409,26662
50410,26662
50411,26662
50412,25226
50413,26663
50414,26493
50415,26664
50416,26650
50417,
50419,
50420,26622
50421,26406
50422,25216
50423,26525
50424,26084
50425,26493
50426,26623
50427,26210
50428,26491
50429,26490
50431,26201
50432,26235
50433,26279
50434,26595
50435,26670
50436,26211
50437,26436
50438,26671
50439,26445
50440,26605
50441,26666
50442,26673
50443,25193
50444,26675
50445,24968
50446,24968
50447,26641
50448,25933
50449,25665
50450,26238
50451,26471
50452,26677
50453,26677
50454,26668
50455,24968
50456,25943
50457,26433
50458,26616
50459,26667
50460,26497
50461,25224
50462,21497
50463,21497
50464,21497
50465,21497
50466,26641
50467,26657
50468,26545
50469,26610
50470,25027
50471,26602
50472,26643
50473,26679
50474,26641
50475,25185
50476,26676
50477,25185
50479,26542
50480,26059
50481,26665
50482,25185
50483,26502
50484,26669
50485,26672
50486,26663
50487,24968
50488,26657
50489,26682
50490,26683
50492,24968
50493,25216
50494,26201
50495,26622
50496,26623
50497,26643
50498,23803
50499,26670
50500,17319
50501,26636
50502,4327
50503,26321
50504,26220
50505,26059
50506,26542
50507,26678
50508,26680
50509,26681
50511,24670
50512,16913
50513,16913
50514,26461
50515,26686
50516,26687
50518,26659
50519,26658
50520,26403
50521,26678
50522,25193
50523,24968
50524,24968
50525,24968
50526,24968
50527,25801
50528,25226
50529,25638
50530,26452
50531,25665
50532,25861
50533,26318
50534,25862
50535,25981
50536,26426
50537,25665
50538,25665
50539,26683
50540,26238
50541,26321
50542,21633
50543,26419
50544,26602
50545,26602
50546,26671
50547,25224
50548,26687
50549,26686
50550,26671
50551,26660
50552,26622
50553,26493
50554,26491
50555,26480
50556,17319
50557,26433
50558,26689
50559,26689
50560,26601
50561,26532
50562,26426
50564,26319
50565,26532
50566,26532
50568,26574
50569,25801
50570,26471
50571,26692
50573,26493
50574,26129
50575,26502
50576,25193
50577,26490
50578,26628
50579,26650
50580,26592
50581,26238
50582,25224
50583,26655
50584,26620
50585,26433
50586,26210
50587,26604
50588,26629
50589,26084
50590,26084
50592,26665
50593,26502
50594,26696
50598,26698
50599,26695
50600,26634
50601,26699
50602,26700
50603,26220
50606,26701
50607,21281
50608,17319
50609,26703
50610,26605
50611,26704
50612,24968
50613,26693
50614,25897
50615,26445
50617,24968
50618,26667
50619,24968
50620,26697
50621,26400
50622,26708
50623,26433
50624,26709
50625,26705
50626,26471
50627,21633
50628,26664
50629,26371
50630,26000
50631,25665
50632,26710
50633,26711
50634,26686
50636,17319
50637,26687
50638,26318
50639,25861
50640,25981
50641,26684
50642,26426
50644,26213
50645,21281
50646,26712
50647,25933
50648,26001
50649,26710
50650,26594
50651,26403
50652,23803
50653,21633
50654,26714
50656,26715
50657,26673
50661,26493
50662,26713
50663,26706
50665,23803
50666,26719
50667,25226
50668,25665
50669,26641
50670,26643
50671,25989
50672,26689
50673,26129
50674,26686
50675,26238
50676,26611
50677,26551
50678,26611
50679,26611
50680,26611
50681,26611
50682,26667
50683,25193
50684,26712
50685,26709
50686,26714
50687,26604
50688,26701
50689,26400
50690,26721
50692,26223
50693,26722
50694,26723
50695,26724
50696,17319
50697,16913
50698,26210
50699,26210
50700,26725
50701,26592
50702,26726
50703,26727
50704,26728
50705,26624
50706,26717
50707,
50708,26720
50709,14724
50710,26664
50711,26426
50712,26601
50713,25897
50714,26574
50715,26718
50716,26605
50717,25224
50718,26704
50719,25418
50720,24670
50721,25418
50722,25418
50723,24670
50724,24968
50725,26471
50726,26636
50727,26686
50728,26433
50729,26433
50730,26714
50731,26716
50732,25226
50733,26129
50734,26686
50735,378
50736,26729
50737,26493
50738,26730
50739,26730
50740,26730
50741,26720
50742,26363
50743,26084
50744,25224
50745,26733
50746,26734
50747,26735
50748,26694
50749,26669
50752,
50753,26609
50754,26715
50755,26706
50756,16913
50757,
50758,
50759,26712
50760,26708
50761,
50762,
50763,
50764,
50765,26491
50766,26492
50767,26739
50768,26738
50769,9460
50770,26135
50771,26741
50772,26740
50773,25434
50774,26604
50775,24968
50776,26689
50777,26220
50778,26732
50779,26714
50780,26731
50781,26757
50782,26698
50784,26736
50785,26687
50786,26624
50787,26754
50788,26601
50789,26542
50790,26238
50791,26692
50792,26758
50793,21497
50794,12955
50795,26753
50796,26737
50797,17319
50798,26759
50799,26729
50800,26760
50801,26706
50802,26678
50803,26461
50804,26755
50805,26738
50806,26738
50807,26738
50808,26738
50809,26738
50810,25743
50811,26762
50812,26763
50813,26761
50814,16913
50815,26754
50816,26601
50817,26426
50818,12955
50819,4574
50820,26664
50821,21281
50822,4574
50823,26732
50824,26687
50825,26698
50826,21497
50827,26686
50828,12955
50829,12955
50830,12955
50831,25193
50832,26491
50833,26624
50834,26765
50835,26769
50836,26701
50837,26755
50838,26738
50839,26738
50840,26770
50841,26780
50842,26782
50843,26784
50845,26784
50846,26785
50847,26715
50848,26706
50849,26786
50850,26788
50851,26084
50852,26084
50853,26792
50854,26652
50855,26524
50856,26793
50857,26491
50858,26493
50860,26210
50861,26794
50862,26129
50863,26795
50864,26766
50865,26767
50866,26768
50867,26779
50868,24968
50870,26781
50871,21497
50872,26732
50873,26692
50874,26783
50875,26801
50876,26729
50877,26729
50878,25185
50879,26461
50880,25193
50881,25193
50882,25193
50883,26791
50884,26791
50885,26611
50886,26611
50887,26611
50888,26791
50889,26611
50890,26602
50891,25224
50892,26813
50893,26811
50894,26812
50895,26761
50896,26646
50897,26814
50898,26796
50900,26805
50901,26815
50902,26816
50905,26818
50906,26689
50908,26819
50910,26823
50912,26664
50913,26824
50914,26824
50915,26461
50916,26702
50917,26825
50918,26826
50919,26689
50920,26794
50921,26210
50922,26210
50923,26493
50924,26788
50925,26840
50926,26792
50927,25111
50928,25743
50929,26795
50930,26844
50931,26847
50932,26849
50933,26770
50934,26492
50935,26765
50936,16913
50937,26852
50938,26851
50943,26763
50945,
50946,26711
50947,
50948,
50949,26783
50950,26790
50951,26864
50952,26611
50953,26865
50954,26611
50955,26862
50956,26814
50957,26863
50959,26857
50960,26433
50961,26220
50962,26848
50963,26838
50964,26839
50965,26850
50966,26238
50967,26854
50968,26855
50969,26805
50970,26858
50971,25224
50972,26868
50973,26827
50974,26827
50975,26611
50976,26611
50977,26811
50979,21497
50980,21497
50982,21497
50983,26702
50985,26706
50986,26715
50987,26870
50988,26812
50989,26867
50990,26860
50991,26872
50992,26871
50993,26673
50994,26817
50995,26858
50996,26867
50997,25531
50998,26594
50999,26816
51000,26818
51001,26819
51002,26853
51003,26755
51005,26709
51006,26689
51008,26802
51009,25185
51010,25185
51011,26220
51012,26868
51013,26687
51014,26686
51015,26687
51016,25224
51018,26877
51019,26877
51020,26878
51021,
51022,
51023,26879
51024,
51025,23920
51026,23920
51028,23920
51029,23920
51030,23920
51035,23920
51036,26784
51037,26201
51038,26684
51039,26880
51040,26875
51042,26881
51043,26445
51044,26860
51045,26882
51046,26884
51047,26885
51048,26673
51049,26770
51050,26886
51051,26887
51052,26888
51053,26890
51054,26889
51055,26893
51056,26895
51057,26861
51058,26899
51059,26900
51060,25834
51061,25836
51062,26891
51063,26891
51065,26862
51066,26868
51067,26741
51068,26784
51069,26874
51070,26755
51071,26894
51072,26892
51073,26750
51074,26876
51075,26873
51076,26740
51077,26238
51079,26238
51080,26238
51081,26238
51082,26611
51083,26611
51084,21633
51085,21633
51086,21633
51087,21633
51088,21633
51089,26689
51090,26862
51091,26692
51092,26869
51096,26790
51097,26602
51098,26602
51099,25864
51100,26084
51101,26493
51102,26851
51103,26904
51104,25531
51105,25933
51106,26907
51107,26905
51108,26372
51110,26783
51111,26729
51112,26729
51113,25185
51114,26698
51115,26908
51116,26909
51117,26802
51118,26878
51119,26875
51120,25743
51121,26740
51122,26684
51123,26915
51124,26438
51125,26918
51126,26758
51127,26915
51128,26791
51129,26794
51130,26877
51131,26913
51132,26742
51133,25531
51134,26827
51135,26922
51136,26921
51137,26220
51138,26879
51139,26711
51140,25185
51141,26790
51142,26687
51143,26686
51144,26923
51145,26805
51146,26758
51147,25193
51148,26848
51149,26461
51150,26823
51151,26689
51152,21633
51153,26924
51154,26755
51155,26925
51156,26210
51157,26686
51158,26687
51159,26794
51160,26897
51161,26926
51162,26926
51163,26711
51165,26884
51166,12955
51167,26919
51168,26914
51169,26743
51170,26888
51171,26883
51172,26706
51173,26906
51174,26903
51175,26805
51176,26709
51177,26702
51178,26740
51179,26201
51180,26814
51181,26757
51182,26930
51183,26932
51184,26934
51185,26729
51186,26611
51187,24944
51188,26493
51189,24944
51190,24944
51191,26210
51192,22561
51193,26940
51194,26941
51195,26209
51196,26763
51197,26943
51198,26944
51200,26846
51201,26844
51203,26574
51204,26951
51205,26952
51206,26445
51207,26747
51208,26828
51209,26611
51211,26930
51212,26927
51213,25193
51214,26931
51215,26802
51216,26802
51217,26923
51218,26935
51219,26862
51220,26878
51221,26936
51222,26878
51223,26908
51224,26813
51225,26791
51226,26848
51227,26937
51228,12955
51229,26972
51230,26784
51231,26784
51232,26942
51234,26827
51235,26922
51236,26975
51237,26974
51238,26921
51239,26928
51240,26929
51242,22561
51243,21497
51244,26885
51245,26641
51246,26960
51247,26870
51248,26977
51249,26937
51250,26974
51251,26717
51252,22123
51254,26711
51255,26814
51256,26978
51257,26979
51258,26851
51259,25743
51261,26728
51262,25989
51263,26729
51264,26729
51265,26742
51266,25531
51267,21633
51270,26980
51271,23803
51272,26403
51274,26729
51275,26981
51276,26983
51278,26884
51279,26084
51281,16913
51282,6397
51284,26884
51285,26908
51286,26876
51287,21497
51288,24968
51289,26909
51290,12955
51291,26984
51292,26985
51293,26641
51294,26687
51295,26686
51296,26932
51297,26936
51298,26938
51299,26939
51300,26862
51304,26802
51305,26802
51306,26883
51307,26974
51308,26975
51309,26692
51310,26692
51311,26725
51312,26709
51313,26709
51314,21633
51315,21633
51316,21633
51317,21633
51318,26056
51319,26988
51320,26989
51321,26908
51322,26602
51323,26740
51324,26961
51325,26992
51326,26935
51327,26974
51328,26929
51329,26641
51330,26687
51331,26602
51332,24968
51333,12955
51334,26611
51335,26238
51336,26909
51337,21497
51338,26729
51339,26641
51340,26938
51341,26729
51342,26993
51343,26611
51344,26827
51345,23803
51346,26684
51347,26796
51348,26991
51349,26998
51350,26743
51351,26445
51352,26746
51353,26102
51354,27004
51355,26903
51356,26942
51357,27005
51358,27008
51359,27006
51360,25743
51361,26805
51362,27019
51363,26709
51364,26684
51365,26684
51366,26839
51367,26995
51368,26994
51369,26996
51370,26997
51371,26999
51373,26990
51374,27026
51375,27009
51376,26862
51377,26961
51378,27013
51379,22123
51380,27016
51381,27000
51382,26705
51383,16913
51384,27007
51385,25282
51386,
51387,25627
51388,27021
51389,26984
51391,26876
51392,26784
51393,26875
51394,26641
51397,26709
51398,25933
51399,26975
51400,27025
51401,26974
51402,26725
51403,26209
51404,23803
51405,26904
51406,26717
51407,26763
51408,26763
51409,27031
51410,26823
51411,27032
51412,27037
51413,27030
51414,26403
51415,16913
51416,27033
51417,26763
51418,26763
51422,27038
51423,27039
51426,27040
51428,27052
51430,
51434,26725
51435,26923
51436,26210
51437,26209
51438,26940
51440,25061
51441,25061
51442,16913
51443,16913
51444,27056
51445,26533
51446,26496
51447,
51448,
51449,27059
51450,27060
51451,27006
51452,26813
51453,26813
51454,27063
51455,26862
51456,21497
51457,26641
51458,12955
51459,27073
51460,26908
51461,27034
51462,26935
51463,27074
51464,26815
51465,26816
51466,26961
51467,26817
51468,26818
51470,26819
51471,26784
51472,26823
51473,27038
51474,26641
51475,
51476,26403
51477,
51478,
51479,
51480,
51481,27075
51483,15118
51484,27077
51485,25743
51486,27076
51487,27028
51488,22123
51489,27079
51490,27079
51491,27040
51492,27080
51493,27080
51494,27032
51495,27081
51496,27082
51498,26802
51499,26802
51500,26445
51501,4327
51502,27083
51503,27084
51504,27083
51505,27079
51506,27080
51507,26641
51508,12955
51509,26961
51510,26908
51511,21497
51512,27081
51513,27039
51514,25989
51515,26797
51516,27022
51517,26728
51518,26611
51519,26445
51520,27088
51521,26890
51522,
51523,
51524,26816
51525,26818
51526,26923
51527,27096
51528,27097
51529,22123
51530,22218
51531,27078
51532,26713
51533,26716
51534,26201
51535,27089
51536,27090
51539,27091
51540,27092
51541,26725
51542,27077
51543,27075
51544,27015
51545,26882
51546,23803
51547,8895
51548,27022
51549,26960
51550,378
51551,26868
51552,26532
51553,26951
51554,26747
51555,26750
51556,26611
51557,26747
51558,26755
51559,27057
51560,26699
51561,26201
51562,22218
51564,27099
51565,27099
51566,27099
51567,27099
51568,27099
51570,27099
51571,27099
51572,27059
51573,26209
51574,26403
51575,26210
51576,27108
51577,26943
51578,27111
51579,27020
51580,26611
51581,26717
51582,26785
51583,27119
51584,27120
51585,27121
51586,27121
51587,27098
51588,26802
51589,27122
51590,27123
51592,26862
51593,27052
51594,27124
51595,27041
51596,27125
51597,26790
51598,27118
51599,27117
51600,27055
51601,27114
51602,27110
51603,26823
51604,26823
51605,27127
51606,27126
51607,26882
51608,26684
51609,26602
51613,27132
51614,27137
51615,27140
51616,27102
51617,27119
51618,27113
51619,27059
51620,26818
51621,26816
51622,26981
51623,27106
51624,27105
51625,27104
51626,27103
51627,26981
51628,27082
51629,27079
51630,27084
51631,22123
51632,27083
51633,26862
51634,27100
51635,27021
51636,21633
51637,21633
51638,21633
51639,21633
51640,21633
51641,26445
51642,27080
51643,27024
51644,26908
51645,27013
51646,27144
51647,27143
51648,26908
51649,26445
51650,27023
51651,27030
51652,25531
51653,26846
51654,26979
51656,27146
51657,27130
51658,27077
51659,27075
51660,27142
51661,27145
51662,25743
51663,26210
51664,26210
51665,27074
51666,27097
51667,26209
51668,27147
51670,27083
51671,27148
51672,27084
51673,27042
51676,27079
51677,27080
51678,27149
51680,26961
51681,27041
51682,27130
51683,26689
51685,27052
51688,27080
51689,27079
51692,27047
51693,27080
51694,27124
51695,27083
51696,27084
51697,27081
51699,26961
51701,27079
51703,27048
51705,27049
51706,27043
51708,27051
